Title,Currency,Amount
Apple Renewed  iPhone X With FaceTime Silver 64GB 4G LTE,AED,715
Apple Renewed  iPhone X With FaceTime Space Gray 64GB 4G LTE,AED,717
Apple Renewed  iPhone X With FaceTime Silver 256GB 4G LTE,AED,787
Apple Renewed  iPhone X With FaceTime Space Grey 256GB 4G LTE,AED,788
Apple Renewed  iPhone 11 With FaceTime Green 64GB 4G LTE  International Specs,AED,1099
Apple Renewed  iPhone 11 With FaceTime Purple 64GB 4G LTE,AED,1099
Apple Renewed  iPhone 11 White 64GB 4G LTE 2020  Slim Packing  International Specs,AED,1099
Apple Renewed  iPhone 11 With FaceTime Black 64GB 4G LTE  International Specs,AED,1099
Apple Renewed  iPhone 11 With FaceTime White 64GB 4G LTE  International Specs,AED,1166
Apple Renewed  iPhone 11 White 64GB 4G LTE 2020  Slim Packing  Middle East Specs,AED,1167
Apple Certified Pre Owned  iPhone 11 Green 64GB 4G LTE 2020  Slim Packing  International Specs,AED,1180
Apple Refurbished  iPhone 11 With Facetime Purple 64GB ROM 4G LTE,AED,1210
Apple Renewed  iPhone 11 With FaceTime Black 64GB 4G LTE,AED,1250
Apple Refurbished  iPhone 11 With Facetime Yellow 64GB ROM 4G LTE,AED,1249
Apple Renewed  iPhone 11 Purple 64GB 4G LTE 2020  Slim Packing  International Specs,AED,1231
Apple Renewed  iPhone 11 Black 64GB 4G LTE 2020  Slim Packing  Middle East Specs,AED,1280
Apple Renewed  iPhone 11 With FaceTime Black 128GB 4G LTE  International Specs,AED,1249
Apple Renewed  iPhone 11 With Facetime Purple 64GB 4G LTE,AED,1240
Apple Renewed  iPhone 11 White 128GB 4G LTE 2020  Slim Packing  International Specs,AED,1291
Apple Refurbished  iPhone 11 With Facetime Black 128GB ROM 4G LTE,AED,1249
Apple Renewed  iPhone 11 Green 64GB 4G LTE 2020  Slim Packing  International Specs,AED,1270
Apple Renewed  iPhone 11 Purple 128GB 4G LTE 2020  Slim Packing  International Specs,AED,1245
Apple Renewed  iPhone 11 Green 128GB 4G LTE 2020  Slim Packing  International Specs,AED,1249
Apple Refurbished  iPhone 11 With Facetime Black 64GB ROM 4G LTE,AED,1290
Apple Renewed  iPhone 11 White 128GB 4G LTE 2020  Slim Packing  International Specs,AED,1249
Apple Refurbished  iPhone 11 With Facetime PRODUCT RED 64GB ROM 4G LTE,AED,1249
Apple Renewed  iPhone 11 With FaceTime Black 64GB 4G LTE  International Specs,AED,1249
Apple Renewed  iPhone 11 With FaceTime Green 128GB 4G LTE  UAE Specs,AED,1299
Apple Refurbished  iPhone 11 With FaceTime Yellow 64GB 4G LTE  USA Specs,AED,1249
Apple Renewed  iPhone 11 With Facetime Green 128GB 4G LTE,AED,1250
Apple Renewed  iPhone 11 With Facetime White 128GB 4G LTE,AED,1296
Apple Refurbished  iPhone 11 With Facetime White 128GB ROM 4G LTE,AED,1299
Apple Renewed  iPhone 11 Green 64GB 4G LTE 2020  Slim Packing  Middle East Specs,AED,1250
Apple Renewed  iPhone 11 With Facetime Black 128GB 4G LTE,AED,1270
Apple Renewed  iPhone 11 With FaceTime Green 128GB 4G LTE,AED,1310
Apple Renewed  iPhone 11 With FaceTime White 128GB 4G LTE,AED,1296
Apple Renewed  iPhone 11 Black 128GB 4G LTE 2020  Slim Packing  International Specs,AED,1299
Apple Renewed  iPhone 11 Green 128GB 4G LTE 2020  Slim Packing  International Specs,AED,1266
Apple Refurbished  iPhone 11 With Facetime Purple 128GB ROM 4G LTE,AED,1295
Apple Renewed  iPhone 11 With Facetime White 64GB 4G LTE,AED,1266
Apple Renewed  iPhone 11 With Facetime White 64GB 4G LTE,AED,1266
Apple Renewed  iPhone 11 With Facetime Black 128GB 4G LTE,AED,1299
Apple Renewed  iPhone 11 With Facetime Green 64GB 4G LTE,AED,1299
Apple Renewed  iPhone 11 With FaceTime Purple 128GB 4G LTE,AED,1290
Apple Renewed  iPhone 11 With Facetime Green 128GB 4G LTE,AED,1270
Apple Renewed  iPhone 11 With FaceTime Green 128GB 4G LTE,AED,1297
Apple Refurbished  iPhone 11 With Facetime Green 128GB ROM 4G LTE,AED,1279
Apple Renewed  iPhone 11 With FaceTime Green 128GB 4G LTE,AED,1270
Apple Renewed  iPhone 11 White 128GB 4G LTE 2020  Slim Packing  Middle East Specs,AED,1271
Apple Renewed  iPhone 11 With FaceTime Purple 128GB 4G LTE  International Specs,AED,1298
Apple Renewed  iPhone 11 With FaceTime Black 128GB 4G LTE,AED,1299
Apple Renewed  iPhone 11 With FaceTime Green 128GB 4G LTE,AED,1276
Apple Renewed  iPhone 11 With FaceTime Purple 128GB 4G LTE  International Specs,AED,1277
Apple Renewed  iPhone 11 With Facetime White 128GB 4G LTE,AED,1277
Apple Renewed  iPhone 11 Purple 128GB 4G LTE 2020  Slim Packing  Middle East Specs,AED,1277
Apple Renewed  iPhone 11 With FaceTime Purple 128GB 4G LTE  International Specs,AED,1277
Apple Renewed  iPhone 11 With FaceTime Black 128GB 4G LTE,AED,1299
Apple Renewed  iPhone 11 With Facetime Black 64GB 4G LTE,AED,1277
Apple Renewed  iPhone 11 With FaceTime Purple 128GB 4G LTE  UAE Specs,AED,1299
Apple Renewed  iPhone 11 Black 128GB 4G LTE 2020  Slim Packing  International Specs,AED,1299
Apple Renewed  iPhone 11 Black 128GB 4G LTE 2020  Slim Packing  International Specs,AED,1279
Apple Renewed  iPhone 11 With FaceTime Black 128GB 4G LTE  UAE Specs,AED,1299
Apple Renewed  iPhone 11 With FaceTime Purple 128GB 4G LTE,AED,1280
Apple Renewed  iPhone 11 Green 128GB 4G LTE 2020  Slim Packing  Middle East Specs,AED,1280
Apple Renewed  iPhone 11 With FaceTime Green 128GB 4G LTE,AED,1280
Apple Renewed  iPhone 11 With FaceTime Black 128GB 4G LTE  International Specs,AED,1287
Apple Renewed  iPhone 11 With FaceTime Green 128GB 4G LTE,AED,1299
Apple Renewed  iPhone 11 With FaceTime Green 128GB 4G LTE,AED,1284
Apple Renewed  iPhone 11 Purple 128GB 4G LTE 2020  Slim Packing  International Specs,AED,1285
Apple Renewed  iPhone 11 Dual SIM With FaceTime Black 64GB 4G LTE  HK Specs,AED,1288
Apple Renewed  iPhone 11 Black 128GB 4G LTE 2020  Slim Packing  Middle East Specs,AED,1288
Apple Renewed  iPhone 11 With Facetime White 128GB 4G LTE,AED,1290
Apple Renewed  iPhone 11 Black 128GB 4G LTE 2020  Slim Packing  International Specs,AED,1299
Apple Refurbished  iPhone 11 With Facetime Green 64GB ROM 4G LTE,AED,1299
Apple Refurbished  iPhone 11 With Facetime White 64GB ROM 4G LTE,AED,1299
Apple Refurbished  iPhone 11 Without FaceTime White 128GB 4G LTE,AED,1299
Apple Refurbished  iPhone 11 With FaceTime PRODUCTRED 64GB 4G LTE  USA Specs,AED,1299
Apple Renewed  iPhone 11 Green 128GB 4G LTE 2020  Slim Packing  International Specs,AED,1299
Apple Renewed  iPhone 11 Black 128GB 4G LTE 2020  Slim Packing  International Version,AED,1300
Apple Renewed  iPhone 11 With Facetime Dual Sim White 128GB 4G LTE  HK Specs,AED,1320
Apple Renewed  iPhone 11 Purple 64GB 4G LTE 2020  Slim Packing  International Specs,AED,1320
Apple Renewed  iPhone 11 Pro With FaceTime Gold 64GB 4G LTE  International Specs,AED,1349
Apple Renewed  iPhone 11 Pro With FaceTime Silver 64GB 4G LTE  International Specs,AED,1349
Apple Renewed  iPhone 11 Pro With FaceTime Midnight Green 64GB 4G LTE  International Specs,AED,1349
Apple Renewed  iPhone 11 Pro With FaceTime Space Gray 64GB 4G LTE  International Specs,AED,1349
Apple Renewed  iPhone 11 Dual Sim With Facetime White 128GB 4G LTE  HK Specs,AED,1350
Apple Renewed  iPhone 11 With FaceTime White 128GB 4G LTE  International Specs,AED,1375
Apple Refurbished  iPhone 11 With Facetime PRODUCT RED 128GB ROM 4G LTE,AED,1469
Apple Refurbished  iPhone 11 With Facetime Yellow 128GB ROM 4G LTE,AED,1379
Apple Refurbished  iPhone 11 With FaceTime Green 128GB 4G LTE,AED,1379
Apple Renewed  iPhone 11 Black 128GB 4G LTE 2020  Slim Packing  International Specs,AED,1429
Apple Renewed  iPhone 11 With Facetime White 128GB 4G LTE,AED,1405
Apple Refurbished  iPhone 11 Pro With FaceTime Space Gray 64GB 4G LTE,AED,1419
Apple Refurbished  iPhone 11 Pro With FaceTime Green 64GB 4G LTE,AED,1479
Apple Refurbished  iPhone 11 Pro With FaceTime Gold 64GB 4G LTE,AED,1479
Apple Refurbished  iPhone 11 Pro With FaceTime Silver 64GB 4G LTE,AED,1479
Apple Refurbished  iPhone 11 Pro With FaceTime Silver 64GB 4G LTE,AED,1479
Apple Refurbished  iPhone 11 Pro With FaceTime Gold 64GB 4G LTE,AED,1479
Apple Refurbished  iPhone 11 Pro With FaceTime Midnight Green 64GB 4G LTE,AED,1479
Apple Refurbished  iPhone 11 Pro With FaceTime Space Gray 64GB 4G LTE,AED,1479
Apple Renewed  iPhone 11 With Facetime Black 256GB 4G LTE  International Specs,AED,1490
Apple Renewed  iPhone 11 With FaceTime PRODUCT RED 256GB 4G LTE International Specs,AED,1490
Apple Refurbished  iPhone 11 Pro With FaceTime Midnight Green 256GB 4G LTE,AED,1584
Apple Certified Pre Owned  iPhone 11 Pro With FaceTime Gold 256GB 4G LTE  International Specs,AED,1537
Apple Renewed  iPhone 11 Pro With FaceTime Midnight Green 256GB 4G LTE  International Specs,AED,1540
Apple Renewed  iPhone 11 Pro With FaceTime Gold 64GB 4G LTE  International Version,AED,1540
Apple Refurbished  iPhone 11 With Facetime Black 256GB 4G LTE  International Specs,AED,1541.5
Apple Renewed  iPhone 11 Pro With FaceTime Gold 256GB 4G LTE  International Specs,AED,1560
Apple Renewed  iPhone 11 Pro With FaceTime Space Gray 256GB 4G LTE International Specs,AED,1579
Apple Refurbished  iPhone 11 Pro With FaceTime Space Gray 256GB 4G LTE,AED,1569
Apple Renewed  iPhone 11 Pro With FaceTime Midnight Green 256GB 4G LTE,AED,1579
Apple Renewed  iPhone 11 Pro With Facetime Midnight Green 256GB 4G LTE,AED,1571
Apple Renewed  iPhone 11 Pro With FaceTime Silver 256GB 4G LTE,AED,1600
Apple Renewed  iPhone 11 Pro With FaceTime Gold 256GB 4G LTE  International Specs,AED,1579
Apple Refurbished  iPhone 11 Pro With FaceTime Gold 256GB 4G LTE,AED,1588
Apple Renewed  iPhone 11 Pro With FaceTime Silver 256GB 4G LTE,AED,1588
Apple Renewed  iPhone 11 Pro With FaceTime Silver 256GB 4G LTE,AED,1588
Apple Refurbished  iPhone 11 Pro With FaceTime Silver 256GB 4G LTE,AED,1588
Apple Renewed  iPhone 11 Pro With FaceTime Gold 256GB 4G LTE  International Specs,AED,1599
Apple Renewed  iPhone 11 Pro With FaceTime Space Gray 256GB 4G LTE,AED,1590
Apple iPhone 11 Black 64GB 4G LTE 2020  Slim Packing  International Version,AED,1626
Apple iPhone 11 White 64GB 4G LTE 2020  Slim Packing  International Version,AED,1641
Apple Refurbished  iPhone 11 Pro Max With FaceTime Space Gray 64GB 4G LTE,AED,1649
Apple Refurbished  iPhone 11 Pro Max With FaceTime Green 64GB 4G LTE,AED,1649
Apple Refurbished  iPhone 11 Pro Max With FaceTime Silver 64GB 4G LTE,AED,1649
Apple Renewed  iPhone 11 Pro Max With FaceTime Midnight Green 64GB 4G LTE  International Specs,AED,1649
Apple Refurbished  iPhone 11 Pro Max With Facetime Gold 64GB 4G LTE,AED,1649
Apple Renewed  iPhone 11 Pro Max With FaceTime Silver 64GB 4G LTE  International Specs,AED,1649
Apple iPhone 11 With FaceTime Black 64GB 4G LTE  International Specs,AED,1689
Apple Refurbished  iPhone 11 Pro With FaceTime Green 256GB 4G LTE,AED,1690
Apple iPhone 11 White 64GB 4G LTE 2020  Slim Packing  Middle East Version,AED,1699
Apple Refurbished  iPhone 11 Pro With FaceTime Midnight Green 256GB 4G LTE,AED,1699
Apple Refurbished  iPhone 11 Pro With FaceTime Gold 256GB 4G LTE,AED,1699
Apple Renewed  iPhone 11 Pro With FaceTime Gold 256GB 4G LTE  International Specs,AED,1715
Apple Refurbished  iPhone 11 Pro Max With FaceTime Midnight Green 256GB 4G LTE,AED,1770
Apple Renewed  iPhone 11 Pro Max With Facetime Gold 64GB 4G LTE,AED,1750
Apple Refurbished  iPhone 11 Pro Max With Facetime Gold 256GB 4G LTE,AED,1766
Apple Renewed  iPhone 11 Pro Max With FaceTime 256GB 4G LTE,AED,1767
Apple Renewed  iPhone 11 Pro With Facetime Gold 256GB 4G LTE  UAE Specs,AED,1770
Apple Refurbished  iPhone 11 Pro With FaceTime Midnight Green 512GB 4G LTE,AED,1770
Apple Renewed  iPhone 11 Pro Max With Facetime Gold 256GB 4G LTE  International Specs,AED,1781
Apple Renewed  iPhone 11 Pro Max With Facetime Gold 256GB 4G LTE  International Specs,AED,1781
Apple Renewed  iPhone 11 Pro Max With FaceTime Gold 256GB 4G LTE,AED,1799
Apple Renewed  iPhone 11 Pro Max With Facetime Midnight Green 256GB ROM 4G LTE,AED,1790
Apple Renewed  iPhone 11 Without FaceTime PRODUCT RED 128GB 4G LTE,AED,1790
Apple Renewed  iPhone 11 Pro Max With Facetime Gold 256GB 4G LTE  International Specs,AED,1791
Apple Refurbished  iPhone 11 Pro Max With FaceTime Space Gray 256GB 4G LTE,AED,1794
Apple Renewed  iPhone 11 Pro Max With FaceTime Space Gray 256GB 4G LTE,AED,1799
Apple Renewed  iPhone 11 Pro Max With FaceTime Midnight Green 256GB 4G LTE  International Specs,AED,1795
Apple Renewed  iPhone 11 Pro Max Without FaceTime Gold 256GB 4G LTE,AED,1795
Apple Renewed  iPhone 11 Pro Max With FaceTime Midnight Green 256GB 4G LTE  International Specs,AED,1799
Apple iPhone 11 Black 64GB 4G LTE 2020  Slim Packing  Middle East Version,AED,1799
Apple Renewed  iPhone 11 Pro Max Silver 256GB 4G LTE With Facetime,AED,1799
Apple Renewed  iPhone 11 Pro Max With FaceTime Midnight Green 256GB 4G LTE,AED,1799
Apple Renewed  iPhone 11 Pro Max With FaceTime Space Gray 256GB 4G LTE,AED,1810
Apple Renewed  iPhone 11 Pro Max With FaceTime Green 256GB 4G LTE,AED,1810
Apple Renewed  iPhone 11 Pro Max With FaceTime Midnight Green 256GB 4G LTE  International Specs,AED,1815
Apple Renewed  iPhone 11 Pro Max With FaceTime Space Gray 256GB 4G LTE  International Version,AED,1820
Apple Renewed  iPhone 11 Pro Max With FaceTime Midnight Green 256GB 4G LTE,AED,1820
Apple iPhone 11 Black 128GB 4G LTE 2020  Slim Packing  International Version,AED,1832
Apple iPhone 11 White 128GB 4G LTE 2020  Slim Packing  International Version,AED,1852
Apple iPhone 11 With FaceTime Black 128GB 4G LTE  International Version,AED,1899
Apple Refurbished  iPhone 11 Pro Max With FaceTime Silver 256GB 4G LTE,AED,1890
Apple iPhone 11 Black 128GB 4G LTE 2020  Slim Packing  Middle East Version,AED,1899
Apple Renewed  iPhone 11 Pro Max With FaceTime Midnight Green 256GB 4G LTE  International Specs,AED,1899
Apple iPhone 11 With FaceTime PRODUCT RED 128GB 4G LTE  UAE Specs,AED,1899
Apple Renewed  iPhone 11 Pro Max With Facetime Gold 256GB 4G LTE  International Specs,AED,1910
Apple Refurbished  iPhone 11 Pro Max With FaceTime Midnight Green 512GB 4G LTE,AED,1945
Apple iPhone 11 White 128GB 4G LTE 2020  Slim Packing  Middle East Version,AED,1934
Apple iPhone 11 With FaceTime White 128GB 4G LTE  International Version,AED,1944.85
Apple iPhone 11 With FaceTime Black 128GB 4G LTE  UAE Specs,AED,1985
Apple iPhone 11 With FaceTime White 128GB 4G LTE,AED,1985
Apple Renewed  iPhone 11 Pro Max With FaceTime Space Gray 256GB 4G LTE  International Specs,AED,1985
Apple Renewed  iPhone 11 Pro Max With FaceTime Silver 256GB 4G LTE,AED,1999
Apple iPhone 11 Dual SIM With FaceTime Red 128GB 4G LTE,AED,2089
Apple iPhone 11 Dual Sim PRODUCTRED 128GB 4G LTE 2020  Slim Packing  HK Specs,AED,2179
Apple iPhone 11 Pro With FaceTime Silver 256GB 4G LTE,AED,2399
Apple iPhone 11 Pro Max With FaceTime Space Gray 64GB 4G LTE  International Version,AED,2449
Apple iPhone 11 Pro With Facetime Silver 512GB 4G LTE  International Specs,AED,2749
Apple Renewed  iPhone 11 Pro With FaceTime Gold 512GB 4G LTE  International Specs,AED,2750
Apple iPhone 11 Pro With FaceTime Gold 512GB 4G LTE  International Version,AED,2759
Apple iPhone 11 Pro Max With FaceTime Midnight Green 256GB 4G LTE  International Version,AED,2769
Apple iPhone 11 Pro Max With FaceTime Gold 64GB 4G LTE  International Version,AED,2769
Apple iPhone 11 Pro Max With FaceTime Silver 512GB 4G LTE  UAE Specs,AED,2799
Apple iPhone 14 Pro 128GB Deep Purple 5G With FaceTime  International Version,AED,3799
Apple iPhone 14 Pro 256GB Deep Purple 5G With FaceTime  Middle East Version,AED,4001
Apple iPhone 11 Pro With FaceTime Silver 256GB 4G LTE  UAE Specs,AED,4299
Apple iPhone 14 Pro Max 128GB Deep Purple 5G With FaceTime  International Version,AED,4399
Apple iPhone 14 Pro Max 256GB Deep Purple 5G With FaceTime  Middle East Version,AED,4499
Apple iPhone 14 Pro Max 256GB Deep Purple 5G With FaceTime  International Version,AED,4599
Apple iPhone 14 Pro Max Physical Dual Sim 256GB Space Black 5G Without FaceTime,AED,4675
Apple iPhone 14 Pro Max Physical Dual Sim 256GB Deep Purple 5G Without FaceTime,AED,4710
